<beans xmlns="http://www.springframework.org/schema/beans"
	xmlns:context="http://www.springframework.org/schema/context"
	xmlns:xsi="http://www.w3.org/2001/XMLSchema-instance"
	xmlns:aop="http://www.springframework.org/schema/aop"
	xmlns:tx="http://www.springframework.org/schema/tx"
	xmlns:jpa="http://www.springframework.org/schema/data/jpa"
	xmlns:mvc="http://www.springframework.org/schema/mvc"
	xsi:schemaLocation="
        http://www.springframework.org/schema/beans     
        http://www.springframework.org/schema/beans/spring-beans.xsd
        http://www.springframework.org/schema/context 
        http://www.springframework.org/schema/context/spring-context.xsd
        http://www.springframework.org/schema/aop http://www.springframework.org/schema/aop/spring-aop.xsd
        http://www.springframework.org/schema/data/jpa
        http://www.springframework.org/schema/data/jpa/spring-jpa.xsd
        http://www.springframework.org/schema/tx 
        http://www.springframework.org/schema/tx/spring-tx.xsd
        http://www.springframework.org/schema/mvc 
        http://www.springframework.org/schema/mvc/spring-mvc.xsd">

    <!-- importing data source -->
	<import resource="datasource.xml"/>
    
    
<!--     To Enable JPA Repository and to refer to the custom transaction Manager name -->
<!-- 	<jpa:repositories base-package="com.accenture.lkm.dao"> </jpa:repositories> -->
    
    <!-- scanning service and DAO -->
	<context:component-scan base-package="com.accenture.lkm.service, com.accenture.lkm.dao" />
    
	
<!--     <bean id="entityManagerFactory"	class="org.springframework.orm.jpa.LocalContainerEntityManagerFactoryBean"> -->
<!-- 		<property name="dataSource" ref="dataSource" /> -->
<!-- 		<property name="jpaVendorAdapter"> -->
<!-- 			<bean class="org.springframework.orm.jpa.vendor.HibernateJpaVendorAdapter"> -->
<!-- 				<property name="showSql" value="true" /> -->
<!-- 				<property name="generateDdl" value="true" /> -->
<!-- 				<property name="databasePlatform" value="org.hibernate.dialect.MySQLDialect" /> -->
<!-- 			</bean> -->
<!-- 		</property> -->
<!-- 		<property name="packagesToScan" value="com.accenture.lkm.entity"></property> -->
<!-- 	</bean>	 -->
</beans>