<beans xmlns="http://www.springframework.org/schema/beans"
	xmlns:context="http://www.springframework.org/schema/context"
	xmlns:xsi="http://www.w3.org/2001/XMLSchema-instance"
	xmlns:mvc="http://www.springframework.org/schema/mvc"
	xsi:schemaLocation="
        http://www.springframework.org/schema/beans     
        http://www.springframework.org/schema/beans/spring-beans.xsd
        http://www.springframework.org/schema/context 
        http://www.springframework.org/schema/context/spring-context.xsd
        http://www.springframework.org/schema/mvc 
        http://www.springframework.org/schema/mvc/spring-mvc.xsd">

    <!-- scanning just web related dependencies -->
	<context:component-scan base-package="com.accenture.lkm.web.controller" />
	
	<mvc:annotation-driven />	
	<context:annotation-config />

	<!-- View Resolver to resolve the views from a custom location -->
	<bean class="org.springframework.web.servlet.view.InternalResourceViewResolver">
		<property name="prefix">
			<value>/WEB-INF/jspViews/</value>
		</property>
		<property name="suffix">
			<value>.jsp</value>
		</property>
	</bean>
	
<!-- 	    <import resource="datasource.xml"/> -->
	
<!-- 	    <bean id="entityManagerFactory"	class="org.springframework.orm.jpa.LocalContainerEntityManagerFactoryBean"> -->
<!-- 		<property name="dataSource" ref="dataSource" /> -->
<!-- 		<property name="jpaVendorAdapter"> -->
<!-- 			<bean class="org.springframework.orm.jpa.vendor.HibernateJpaVendorAdapter"> -->
<!-- 				<property name="showSql" value="true" /> -->
<!-- 				<property name="generateDdl" value="true" /> -->
<!-- 				<property name="databasePlatform" value="org.hibernate.dialect.MySQLDialect" /> -->
<!-- 			</bean> -->
<!-- 		</property> -->
<!-- 		<property name="packagesToScan" value="com.accenture.lkm.entity"></property> -->
<!-- 	</bean>	 -->
 
</beans>